{"LIG_WW_1": {"A": [0.0, 0.06896551724137931, 0.10344827586206896, 0.0, 0.0, 0.10344827586206896, 0.0, 0.13793103448275862, 0.06896551724137931, 0.06896551724137931], "C": [0.06896551724137931, 0.0, 0.0, 0.0, 0.0, 0.0, 0.0, 0.0, 0.0, 0.0], "D": [0.034482758620689655, 0.10344827586206896, 0.0, 0.0, 0.0, 0.0, 0.0, 0.034482758620689655, 0.06896551724137931, 0.13793103448275862], "E": [0.06896551724137931, 0.06896551724137931, 0.034482758620689655, 0.0, 0.0, 0.10344827586206896, 0.0, 0.1724137931034483, 0.13793103448275862, 0.0], "F": [0.0, 0.0, 0.0, 0.0, 0.0, 0.0, 0.0, 0.0, 0.034482758620689655, 0.0], "G": [0.2413793103448276, 0.06896551724137931, 0.0, 0.0, 0.0, 0.0, 0.0, 0.0, 0.034482758620689655, 0.06896551724137931], "H": [0.06896551724137931, 0.0, 0.0, 0.0, 0.0, 0.0, 0.0, 0.034482758620689655, 0.0, 0.034482758620689655], "I": [0.06896551724137931, 0.06896551724137931, 0.034482758620689655, 0.0, 0.0, 0.0, 0.0, 0.0, 0.0, 0.0], "K": [0.0, 0.0, 0.0, 0.0, 0.0, 0.034482758620689655, 0.0, 0.0, 0.034482758620689655, 0.034482758620689655], "L": [0.034482758620689655, 0.10344827586206896, 0.0, 0.0, 0.0, 0.0, 0.0, 0.034482758620689655, 0.0, 0.2413793103448276], "M": [0.0, 0.0, 0.0, 0.0, 0.0, 0.0, 0.0, 0.034482758620689655, 0.0, 0.034482758620689655], "N": [0.0, 0.0, 0.034482758620689655, 0.0, 0.0, 0.034482758620689655, 0.0, 0.13793103448275862, 0.06896551724137931, 0.0], "P": [0.13793103448275862, 0.0, 0.5517241379310345, 1.0, 1.0, 0.5517241379310345, 0.0, 0.06896551724137931, 0.27586206896551724, 0.13793103448275862], "Q": [0.0, 0.034482758620689655, 0.034482758620689655, 0.0, 0.0, 0.0, 0.0, 0.0, 0.0, 0.0], "R": [0.034482758620689655, 0.034482758620689655, 0.10344827586206896, 0.0, 0.0, 0.06896551724137931, 0.0, 0.0, 0.0, 0.034482758620689655], "S": [0.06896551724137931, 0.13793103448275862, 0.10344827586206896, 0.0, 0.0, 0.034482758620689655, 0.0, 0.10344827586206896, 0.10344827586206896, 0.06896551724137931], "T": [0.06896551724137931, 0.3103448275862069, 0.0, 0.0, 0.0, 0.0, 0.0, 0.10344827586206896, 0.13793103448275862, 0.0], "V": [0.0, 0.0, 0.0, 0.0, 0.0, 0.06896551724137931, 0.0, 0.13793103448275862, 0.034482758620689655, 0.06896551724137931], "W": [0.034482758620689655, 0.0, 0.0, 0.0, 0.0, 0.0, 0.0, 0.0, 0.0, 0.0], "Y": [0.06896551724137931, 0.0, 0.0, 0.0, 0.0, 0.0, 1.0, 0.0, 0.0, 0.0]}}